{
  "1330802692641132544": {
    "type": "tiger",
    "name": "Tigor",
    "hp": 0,
    "max_hp": 60,
    "attack": 12,
    "alive": false
  },
  "1319695496478195775": {
    "type": "ant",
    "name": "Karma",
    "hp": 0,
    "max_hp": 10,
    "attack": 2,
    "alive": false
  },
  "656366112430358548": {
    "type": "ant",
    "name": "karma",
    "hp": 0,
    "max_hp": 10,
    "attack": 2,
    "alive": false
  },
  "1277574604319100958": {
    "type": "butterfly",
    "name": "tiki",
    "hp": 3,
    "max_hp": 15,
    "attack": 3,
    "alive": true
  },
  "1319184402005364747": {
    "type": "ant",
    "name": "<@1330802692641132544>",
    "hp": 0,
    "max_hp": 10,
    "attack": 2,
    "alive": false
  },
  "1166588279244738568": {
    "type": "cat",
    "name": "gollu",
    "hp": 25,
    "max_hp": 25,
    "attack": 5,
    "alive": true
  },
  "1049005213530476696": {
    "type": "tiger",
    "name": "miki",
    "hp": 60,
    "max_hp": 60,
    "attack": 12,
    "alive": true
  },
  "1198929976288874547": {
    "type": "tiger",
    "name": "fei",
    "hp": 36,
    "max_hp": 60,
    "attack": 12,
    "alive": true
  }
}