{
  "1330802692641132544": {
    "chopper": {
      "name": "Tony Tony Chopper",
      "anime": "One Piece",
      "rarity": "common",
      "power": 2,
      "image": "https://cdn.myanimelist.net/images/characters/9/310307.jpg",
      "description": "The Straw Hats' doctor",
      "acquired_at": "2025-07-13T17:25:22.708894"
    },
    "orihime_inoue": {
      "name": "Orihime Inoue",
      "anime": "Bleach",
      "rarity": "common",
      "power": 3,
      "image": "https://cdn.myanimelist.net/images/characters/4/52037.jpg",
      "description": "Healer with Shun Shun Rikka",
      "acquired_at": "2025-07-13T18:34:38.968874"
    },
    "hinata_hyuga": {
      "name": "Hinata Hyuga",
      "anime": "Naruto",
      "rarity": "common",
      "power": 3,
      "image": "https://example.com/your-hinata-image.jpg",
      "description": "Gentle ninja with Byakugan",
      "acquired_at": "2025-07-13T18:34:46.020893"
    },
    "naruto_uzumaki": {
      "name": "Naruto Uzumaki",
      "anime": "Naruto",
      "rarity": "epic",
      "power": 13,
      "image": "https://cdn.myanimelist.net/images/characters/2/284121.jpg",
      "description": "Seventh Hokage with Nine-Tails",
      "acquired_at": "2025-07-13T17:24:12.696942"
    },
    "usopp": {
      "name": "Usopp",
      "anime": "One Piece",
      "rarity": "common",
      "power": 2,
      "image": "https://cdn.myanimelist.net/images/characters/13/310330.jpg",
      "description": "The Straw Hats' sniper",
      "acquired_at": "2025-07-13T18:34:35.304397"
    },
    "tanjiro_kamado": {
      "name": "Tanjiro Kamado",
      "anime": "Demon Slayer",
      "rarity": "common",
      "power": 4,
      "image": "https://cdn.myanimelist.net/images/characters/4/377245.jpg",
      "description": "Kind-hearted demon slayer",
      "acquired_at": "2025-07-13T18:34:51.936432"
    },
    "gon_freecss": {
      "name": "Gon Freecss",
      "anime": "Hunter x Hunter",
      "rarity": "epic",
      "power": 11,
      "image": "https://cdn.myanimelist.net/images/characters/11/174517.jpg",
      "description": "Young hunter seeking his father",
      "acquired_at": "2025-07-13T18:34:42.113073"
    },
    "rengoku_kyojuro": {
      "name": "Rengoku Kyojuro",
      "anime": "Demon Slayer",
      "rarity": "epic",
      "power": 11,
      "image": "https://cdn.myanimelist.net/images/characters/12/421018.jpg",
      "description": "Flame Hashira with burning spirit",
      "acquired_at": "2025-07-13T17:24:07.807688"
    },
    "zeno_sama": {
      "name": "Zeno",
      "anime": "Dragon Ball",
      "rarity": "legendary",
      "power": 25,
      "image": "https://cdn.myanimelist.net/images/characters/12/348432.jpg",
      "description": "Omni-King of all universes",
      "acquired_at": "2025-07-13T12:11:06.479373"
    },
    "killua_zoldyck": {
      "name": "Killua Zoldyck",
      "anime": "Hunter x Hunter",
      "rarity": "epic",
      "power": 12,
      "image": "https://cdn.myanimelist.net/images/characters/2/327920.jpg",
      "description": "Lightning-fast assassin",
      "acquired_at": "2025-07-13T13:08:14.331523"
    },
    "rimuru_tempest": {
      "name": "Rimuru Tempest",
      "anime": "That Time I Got Reincarnated as a Slime",
      "rarity": "legendary",
      "power": 19,
      "image": "https://cdn.myanimelist.net/images/characters/5/369151.jpg",
      "description": "Slime demon lord",
      "acquired_at": "2025-07-13T17:25:07.149418"
    },
    "megumin": {
      "name": "Megumin",
      "anime": "KonoSuba",
      "rarity": "rare",
      "power": 8,
      "image": "https://cdn.myanimelist.net/images/characters/4/322291.jpg",
      "description": "Explosion magic specialist",
      "acquired_at": "2025-07-13T12:15:38.383892"
    },
    "yamcha": {
      "name": "Yamcha",
      "anime": "Dragon Ball",
      "rarity": "common",
      "power": 2,
      "image": "https://cdn.myanimelist.net/images/characters/12/284151.jpg",
      "description": "Desert bandit turned fighter",
      "acquired_at": "2025-07-13T12:19:20.158431"
    },
    "sasuke_uchiha": {
      "name": "Sasuke Uchiha",
      "anime": "Naruto",
      "rarity": "rare",
      "power": 8,
      "image": "https://cdn.myanimelist.net/images/characters/9/131317.jpg",
      "description": "Last Uchiha with Sharingan",
      "acquired_at": "2025-07-13T18:34:32.002938"
    },
    "sakura_haruno": {
      "name": "Sakura Haruno",
      "anime": "Naruto",
      "rarity": "common",
      "power": 2,
      "image": "https://cdn.myanimelist.net/images/characters/9/69275.jpg",
      "description": "Medical ninja from Konoha",
      "acquired_at": "2025-07-13T12:18:54.633899"
    },
    "erza_scarlet": {
      "name": "Erza Scarlet",
      "anime": "Fairy Tail",
      "rarity": "epic",
      "power": 10,
      "image": "https://cdn.myanimelist.net/images/characters/5/81315.jpg",
      "description": "Requip magic knight",
      "acquired_at": "2025-07-13T12:18:48.018610"
    },
    "nezuko_kamado": {
      "name": "Nezuko Kamado",
      "anime": "Demon Slayer",
      "rarity": "rare",
      "power": 6,
      "image": "https://cdn.myanimelist.net/images/characters/4/377246.jpg",
      "description": "Demon who protects humans",
      "acquired_at": "2025-07-13T13:08:08.242980"
    },
    "ichigo_kurosaki": {
      "name": "Ichigo Kurosaki",
      "anime": "Bleach",
      "rarity": "rare",
      "power": 7,
      "image": "https://cdn.myanimelist.net/images/characters/3/89696.jpg",
      "description": "Soul Reaper substitute",
      "acquired_at": "2025-07-14T05:22:32.674100"
    },
    "vegeta": {
      "name": "Vegeta",
      "anime": "Dragon Ball",
      "rarity": "rare",
      "power": 9,
      "image": "https://cdn.myanimelist.net/images/characters/4/284127.jpg",
      "description": "Prince of all Saiyans",
      "acquired_at": "2025-07-13T17:24:18.619185"
    },
    "levi_ackerman": {
      "name": "Levi Ackerman",
      "anime": "Attack on Titan",
      "rarity": "rare",
      "power": 7,
      "image": "https://cdn.myanimelist.net/images/characters/2/241413.jpg",
      "description": "Humanity's strongest soldier",
      "acquired_at": "2025-07-13T17:25:11.335036"
    },
    "krillin": {
      "name": "Krillin",
      "anime": "Dragon Ball",
      "rarity": "common",
      "power": 3,
      "image": "https://cdn.myanimelist.net/images/characters/7/284129.jpg",
      "description": "Goku's loyal friend and fighter",
      "acquired_at": "2025-07-13T17:25:31.919510"
    },
    "giyu_tomioka": {
      "name": "Giyu Tomioka",
      "anime": "Demon Slayer",
      "rarity": "epic",
      "power": 10,
      "image": "https://cdn.myanimelist.net/images/characters/15/421063.jpg",
      "description": "Water Hashira",
      "acquired_at": "2025-07-13T18:34:24.100153"
    },
    "aizen_sosuke": {
      "name": "Aizen Sosuke",
      "anime": "Bleach",
      "rarity": "legendary",
      "power": 17,
      "image": "https://cdn.myanimelist.net/images/characters/7/63756.jpg",
      "description": "Former Soul Society captain",
      "acquired_at": "2025-07-13T18:34:28.241566"
    },
    "monkey_d_luffy": {
      "name": "Monkey D. Luffy",
      "anime": "One Piece",
      "rarity": "epic",
      "power": 12,
      "image": "https://cdn.myanimelist.net/images/characters/9/310307.jpg",
      "description": "Rubber pirate seeking One Piece",
      "acquired_at": "2025-07-13T18:34:48.966406"
    }
  },
  "930753850049196072": {
    "tanjiro_kamado": {
      "name": "Tanjiro Kamado",
      "anime": "Demon Slayer",
      "rarity": "common",
      "power": 4,
      "image": "https://cdn.myanimelist.net/images/characters/4/377245.jpg",
      "description": "Kind-hearted demon slayer",
      "acquired_at": "2025-07-13T12:09:06.193512"
    },
    "madara_uchiha": {
      "name": "Madara Uchiha",
      "anime": "Naruto",
      "rarity": "legendary",
      "power": 18,
      "image": "https://cdn.myanimelist.net/images/characters/10/284134.jpg",
      "description": "Legendary Uchiha clan leader",
      "acquired_at": "2025-07-13T12:09:19.075193"
    },
    "naruto_uzumaki": {
      "name": "Naruto Uzumaki",
      "anime": "Naruto",
      "rarity": "epic",
      "power": 13,
      "image": "https://cdn.myanimelist.net/images/characters/2/284121.jpg",
      "description": "Seventh Hokage with Nine-Tails",
      "acquired_at": "2025-07-13T12:09:28.581927"
    },
    "zeno_sama": {
      "name": "Zeno",
      "anime": "Dragon Ball",
      "rarity": "legendary",
      "power": 25,
      "image": "https://cdn.myanimelist.net/images/characters/12/348432.jpg",
      "description": "Omni-King of all universes",
      "acquired_at": "2025-07-13T12:09:55.246439"
    },
    "monkey_d_luffy": {
      "name": "Monkey D. Luffy",
      "anime": "One Piece",
      "rarity": "epic",
      "power": 12,
      "image": "https://cdn.myanimelist.net/images/characters/9/310307.jpg",
      "description": "Rubber pirate seeking One Piece",
      "acquired_at": "2025-07-13T12:10:04.353953"
    },
    "orihime_inoue": {
      "name": "Orihime Inoue",
      "anime": "Bleach",
      "rarity": "common",
      "power": 3,
      "image": "https://cdn.myanimelist.net/images/characters/4/52037.jpg",
      "description": "Healer with Shun Shun Rikka",
      "acquired_at": "2025-07-13T12:10:18.607788"
    },
    "nezuko_kamado": {
      "name": "Nezuko Kamado",
      "anime": "Demon Slayer",
      "rarity": "rare",
      "power": 6,
      "image": "https://cdn.myanimelist.net/images/characters/4/377246.jpg",
      "description": "Demon who protects humans",
      "acquired_at": "2025-07-13T17:25:47.480753"
    }
  },
  "1331263068478509120": {
    "aizen_sosuke": {
      "name": "Aizen Sosuke",
      "anime": "Bleach",
      "rarity": "legendary",
      "power": 17,
      "image": "https://cdn.myanimelist.net/images/characters/7/63756.jpg",
      "description": "Former Soul Society captain",
      "acquired_at": "2025-07-13T12:27:32.965226"
    },
    "megumin": {
      "name": "Megumin",
      "anime": "KonoSuba",
      "rarity": "rare",
      "power": 8,
      "image": "https://cdn.myanimelist.net/images/characters/4/322291.jpg",
      "description": "Explosion magic specialist",
      "acquired_at": "2025-07-13T12:28:58.187089"
    },
    "vegeta": {
      "name": "Vegeta",
      "anime": "Dragon Ball",
      "rarity": "rare",
      "power": 9,
      "image": "https://cdn.myanimelist.net/images/characters/4/284127.jpg",
      "description": "Prince of all Saiyans",
      "acquired_at": "2025-07-13T12:27:41.592987"
    },
    "tanjiro_kamado": {
      "name": "Tanjiro Kamado",
      "anime": "Demon Slayer",
      "rarity": "common",
      "power": 4,
      "image": "https://cdn.myanimelist.net/images/characters/4/377245.jpg",
      "description": "Kind-hearted demon slayer",
      "acquired_at": "2025-07-13T12:27:46.269053"
    },
    "hinata_hyuga": {
      "name": "Hinata Hyuga",
      "anime": "Naruto",
      "rarity": "common",
      "power": 3,
      "image": "https://example.com/your-hinata-image.jpg",
      "description": "Gentle ninja with Byakugan",
      "acquired_at": "2025-07-13T12:32:22.732881"
    },
    "nezuko_kamado": {
      "name": "Nezuko Kamado",
      "anime": "Demon Slayer",
      "rarity": "rare",
      "power": 6,
      "image": "https://cdn.myanimelist.net/images/characters/4/377246.jpg",
      "description": "Demon who protects humans",
      "acquired_at": "2025-07-13T12:35:07.529700"
    }
  },
  "689738987602051093": {
    "chopper": {
      "name": "Tony Tony Chopper",
      "anime": "One Piece",
      "rarity": "common",
      "power": 2,
      "image": "https://cdn.myanimelist.net/images/characters/9/310307.jpg",
      "description": "The Straw Hats' doctor",
      "acquired_at": "2025-07-13T12:37:11.298061"
    },
    "tanjiro_kamado": {
      "name": "Tanjiro Kamado",
      "anime": "Demon Slayer",
      "rarity": "common",
      "power": 4,
      "image": "https://cdn.myanimelist.net/images/characters/4/377245.jpg",
      "description": "Kind-hearted demon slayer",
      "acquired_at": "2025-07-13T16:50:54.426325"
    }
  },
  "1319695496478195775": {
    "usopp": {
      "name": "Usopp",
      "anime": "One Piece",
      "rarity": "common",
      "power": 2,
      "image": "https://cdn.myanimelist.net/images/characters/13/310330.jpg",
      "description": "The Straw Hats' sniper",
      "acquired_at": "2025-07-13T17:24:08.767776"
    },
    "orihime_inoue": {
      "name": "Orihime Inoue",
      "anime": "Bleach",
      "rarity": "common",
      "power": 3,
      "image": "https://cdn.myanimelist.net/images/characters/4/52037.jpg",
      "description": "Healer with Shun Shun Rikka",
      "acquired_at": "2025-07-13T17:23:23.234483"
    },
    "krillin": {
      "name": "Krillin",
      "anime": "Dragon Ball",
      "rarity": "common",
      "power": 3,
      "image": "https://cdn.myanimelist.net/images/characters/7/284129.jpg",
      "description": "Goku's loyal friend and fighter",
      "acquired_at": "2025-07-13T17:09:12.165280"
    },
    "saitama": {
      "name": "Saitama",
      "anime": "One Punch Man",
      "rarity": "legendary",
      "power": 22,
      "image": "https://cdn.myanimelist.net/images/characters/11/294388.jpg",
      "description": "Hero who defeats enemies in one punch",
      "acquired_at": "2025-07-13T17:23:26.383234"
    },
    "roronoa_zoro": {
      "name": "Roronoa Zoro",
      "anime": "One Piece",
      "rarity": "rare",
      "power": 8,
      "image": "https://cdn.myanimelist.net/images/characters/3/100534.jpg",
      "description": "Three-sword style swordsman",
      "acquired_at": "2025-07-13T17:23:41.246122"
    },
    "chopper": {
      "name": "Tony Tony Chopper",
      "anime": "One Piece",
      "rarity": "common",
      "power": 2,
      "image": "https://cdn.myanimelist.net/images/characters/9/310307.jpg",
      "description": "The Straw Hats' doctor",
      "acquired_at": "2025-07-13T18:46:21.426227"
    },
    "nezuko_kamado": {
      "name": "Nezuko Kamado",
      "anime": "Demon Slayer",
      "rarity": "rare",
      "power": 6,
      "image": "https://cdn.myanimelist.net/images/characters/4/377246.jpg",
      "description": "Demon who protects humans",
      "acquired_at": "2025-07-13T17:24:01.367353"
    },
    "tanjiro_kamado": {
      "name": "Tanjiro Kamado",
      "anime": "Demon Slayer",
      "rarity": "common",
      "power": 4,
      "image": "https://cdn.myanimelist.net/images/characters/4/377245.jpg",
      "description": "Kind-hearted demon slayer",
      "acquired_at": "2025-07-13T17:24:05.097591"
    },
    "yamcha": {
      "name": "Yamcha",
      "anime": "Dragon Ball",
      "rarity": "common",
      "power": 2,
      "image": "https://cdn.myanimelist.net/images/characters/12/284151.jpg",
      "description": "Desert bandit turned fighter",
      "acquired_at": "2025-07-14T04:50:16.142318"
    }
  },
  "1198929976288874547": {
    "krillin": {
      "name": "Krillin",
      "anime": "Dragon Ball",
      "rarity": "common",
      "power": 3,
      "image": "https://cdn.myanimelist.net/images/characters/7/284129.jpg",
      "description": "Goku's loyal friend and fighter",
      "acquired_at": "2025-07-13T17:23:55.141737"
    },
    "ichigo_kurosaki": {
      "name": "Ichigo Kurosaki",
      "anime": "Bleach",
      "rarity": "rare",
      "power": 7,
      "image": "https://cdn.myanimelist.net/images/characters/3/89696.jpg",
      "description": "Soul Reaper substitute",
      "acquired_at": "2025-07-13T18:14:04.945123"
    }
  },
  "1358773859372765405": {
    "chopper": {
      "name": "Tony Tony Chopper",
      "anime": "One Piece",
      "rarity": "common",
      "power": 2,
      "image": "https://cdn.myanimelist.net/images/characters/9/310307.jpg",
      "description": "The Straw Hats' doctor",
      "acquired_at": "2025-07-13T17:46:06.166190"
    },
    "erza_scarlet": {
      "name": "Erza Scarlet",
      "anime": "Fairy Tail",
      "rarity": "epic",
      "power": 10,
      "image": "https://cdn.myanimelist.net/images/characters/5/81315.jpg",
      "description": "Requip magic knight",
      "acquired_at": "2025-07-13T17:46:12.491753"
    },
    "orihime_inoue": {
      "name": "Orihime Inoue",
      "anime": "Bleach",
      "rarity": "common",
      "power": 3,
      "image": "https://cdn.myanimelist.net/images/characters/4/52037.jpg",
      "description": "Healer with Shun Shun Rikka",
      "acquired_at": "2025-07-13T17:46:22.153826"
    },
    "hinata_hyuga": {
      "name": "Hinata Hyuga",
      "anime": "Naruto",
      "rarity": "common",
      "power": 3,
      "image": "https://example.com/your-hinata-image.jpg",
      "description": "Gentle ninja with Byakugan",
      "acquired_at": "2025-07-14T12:33:05.405632"
    }
  },
  "1257864866761277470": {
    "gon_freecss": {
      "name": "Gon Freecss",
      "anime": "Hunter x Hunter",
      "rarity": "epic",
      "power": 11,
      "image": "https://cdn.myanimelist.net/images/characters/11/174517.jpg",
      "description": "Young hunter seeking his father",
      "acquired_at": "2025-07-14T04:58:30.561371"
    }
  },
  "656366112430358548": {
    "rengoku_kyojuro": {
      "name": "Rengoku Kyojuro",
      "anime": "Demon Slayer",
      "rarity": "epic",
      "power": 11,
      "image": "https://cdn.myanimelist.net/images/characters/12/421018.jpg",
      "description": "Flame Hashira with burning spirit",
      "acquired_at": "2025-07-14T05:23:07.645028"
    },
    "roronoa_zoro": {
      "name": "Roronoa Zoro",
      "anime": "One Piece",
      "rarity": "rare",
      "power": 8,
      "image": "https://cdn.myanimelist.net/images/characters/3/100534.jpg",
      "description": "Three-sword style swordsman",
      "acquired_at": "2025-07-14T05:23:26.989200"
    }
  }
}